department_id,first_name,last_name,email,phone
6,Anne-corinne,Bilton,abilton0@squidoo.com,850-947-3461
1,Casandra,Plowman,cplowman1@privacy.gov.au,840-527-9292
7,Orsa,Dinnis,odinnis2@biglobe.ne.jp,516-185-6879
7,Jodi,Raoux,jraoux3@gov.uk,341-342-1095
4,Ken,Claydon,kclaydon4@nba.com,354-336-8754
5,Frederica,Coonan,fcoonan5@1688.com,725-863-6496
1,Orelle,Heare,oheare6@jiathis.com,952-241-4487
2,Henka,Brundill,hbrundill7@army.mil,475-792-9175
5,Baird,Belitz,bbelitz8@opensource.org,700-849-0437
2,Orin,Lemerie,olemerie9@cmu.edu,495-362-8855
9,Riannon,Pinckney,rpinckneya@google.pl,928-839-9589
9,Kerrin,Torel,ktorelb@mail.ru,552-477-3249
8,Brock,Grainger,bgraingerc@sphinn.com,923-662-3923
9,Prentice,Bates,pbatesd@dailymail.co.uk,382-857-1883
2,Vinnie,Sandercock,vsandercocke@jigsy.com,132-960-3604
4,Patten,Dalgarnowch,pdalgarnowchf@amazon.co.jp,125-347-2072
10,Adham,Thurman,athurmang@gov.uk,378-427-3845
4,Alexandra,Crickett,acricketth@facebook.com,428-233-1149
1,Johannah,Sheldon,jsheldoni@cmu.edu,848-531-2188
4,Freddi,Gaskin,fgaskinj@hc360.com,559-431-2766
6,Violetta,Vennard,vvennardk@sogou.com,799-267-8974
4,Brien,Segar,bsegarl@state.tx.us,334-436-1096
3,Anna-maria,Gillibrand,agillibrandm@forbes.com,817-388-1014
9,Rickard,Hamlin,rhamlinn@shinystat.com,210-696-9506
1,Sigfried,Lumly,slumlyo@twitpic.com,776-107-7651
9,Rosana,Bergeon,rbergeonp@shutterfly.com,162-953-9932
10,Danice,de Banke,ddebankeq@google.co.jp,186-158-2062
7,Flossi,Rudolfer,frudolferr@wikimedia.org,610-401-2964
8,Sax,Klimov,sklimovs@nsw.gov.au,403-401-1181
6,Osmund,Decreuze,odecreuzet@umn.edu,427-335-1619
2,Conroy,Khadir,ckhadiru@irs.gov,720-151-3774
2,Amby,Polgreen,apolgreenv@typepad.com,542-203-4492
10,Nichols,O'Mahoney,nomahoneyw@addthis.com,969-734-2872
7,Alfy,Braisted,abraistedx@youtube.com,857-626-8313
6,Ilyse,Unitt,iunitty@timesonline.co.uk,486-988-5036
9,Amalie,Van den Broek,avandenbroekz@ow.ly,849-777-5352
9,Ozzie,Herreran,oherreran10@geocities.com,760-706-4610
6,Frieda,South,fsouth11@disqus.com,466-151-5826
2,Sibbie,Liddiatt,sliddiatt12@noaa.gov,696-845-1374
5,Odilia,Valentelli,ovalentelli13@cornell.edu,465-537-8209
2,Arabela,MacCleod,amaccleod14@flavors.me,520-701-0340
6,Charmian,Sandeman,csandeman15@dyndns.org,277-504-3366
9,Adrian,Kender,akender16@godaddy.com,347-450-2422
10,Shep,Whooley,swhooley17@php.net,666-211-7172
5,Terri,Ivantyev,tivantyev18@patch.com,646-732-3805
9,Hildagard,Troman,htroman19@drupal.org,310-227-5499
10,Agnesse,Fessler,afessler1a@t.co,451-283-9033
5,Gaelan,Danilchenko,gdanilchenko1b@free.fr,128-203-0839
10,Emlen,Demko,edemko1c@army.mil,162-594-5994
6,Shermie,Joseph,sjoseph1d@cyberchimps.com,493-281-4558
6,Lynnea,Maylard,lmaylard1e@technorati.com,507-106-3411
8,Rosita,Jurgen,rjurgen1f@ucoz.ru,155-511-6889
9,Elliott,Middleditch,emiddleditch1g@elpais.com,665-318-2634
1,Dayna,Dyer,ddyer1h@theatlantic.com,210-634-8311
3,Antone,Darter,adarter1i@tinyurl.com,211-913-5626
8,Mavis,Tregaskis,mtregaskis1j@washingtonpost.com,184-186-0805
3,Sonya,Olivazzi,solivazzi1k@usa.gov,157-501-8647
2,Karney,Braidman,kbraidman1l@forbes.com,374-555-1107
1,Iosep,Hammarberg,ihammarberg1m@blogger.com,581-733-9586
9,Latia,Tonna,ltonna1n@usnews.com,179-465-0756
2,Sacha,Rooke,srooke1o@timesonline.co.uk,190-869-6063
8,Luciano,Sheringham,lsheringham1p@lulu.com,150-556-6357
5,Pancho,Stanlike,pstanlike1q@pbs.org,661-915-0520
5,Giovanna,Cudbertson,gcudbertson1r@godaddy.com,878-559-4872
5,Hobard,Zettler,hzettler1s@bbb.org,789-723-2956
7,Boigie,Shovel,bshovel1t@patch.com,780-187-9883
8,Oralie,Troker,otroker1u@networksolutions.com,464-882-3325
4,Alvy,Strawbridge,astrawbridge1v@shareasale.com,289-740-5579
10,Fabiano,Floyde,ffloyde1w@businesswire.com,512-520-3038
1,Lynelle,Genny,lgenny1x@nba.com,370-106-6443
4,Valenka,Maginot,vmaginot1y@dion.ne.jp,114-806-1419
9,Jenn,Gibbie,jgibbie1z@howstuffworks.com,862-352-1843
2,Davida,Normandale,dnormandale20@epa.gov,763-468-5982
7,Leanna,McReath,lmcreath21@chicagotribune.com,712-945-7075
8,Appolonia,Settle,asettle22@pen.io,234-355-9843
7,Lodovico,Buzza,lbuzza23@studiopress.com,212-189-3821
1,Cal,Yallowley,cyallowley24@angelfire.com,500-432-4351
8,Maegan,Nanninini,mnanninini25@huffingtonpost.com,646-807-9189
1,Belvia,Bellson,bbellson26@bbb.org,838-319-9942
4,Blinni,Pillington,bpillington27@prnewswire.com,984-180-3021
7,Anne,Lynagh,alynagh28@icq.com,518-499-6391
8,Irvin,Oswick,ioswick29@chronoengine.com,633-392-6825
5,Armstrong,Simmig,asimmig2a@ustream.tv,623-222-5389
7,Mercie,Carek,mcarek2b@angelfire.com,420-530-6051
8,Darla,Todarello,dtodarello2c@time.com,791-689-8061
7,Willy,Cannon,wcannon2d@myspace.com,727-920-0661
8,Tanitansy,Bengefield,tbengefield2e@wikipedia.org,650-947-6365
7,Shem,Kilkenny,skilkenny2f@washingtonpost.com,897-353-2937
3,Alyss,Sircomb,asircomb2g@networksolutions.com,989-668-9077
3,Ralph,Dyers,rdyers2h@patch.com,906-874-8685
4,Ettore,Whyffen,ewhyffen2i@yolasite.com,400-626-7997
6,Blanche,Bane,bbane2j@independent.co.uk,902-299-0963
6,Caressa,Bidgod,cbidgod2k@jalbum.net,998-575-7605
10,Adrienne,Clopton,aclopton2l@webnode.com,653-366-5011
3,Harland,Deadman,hdeadman2m@home.pl,471-192-9262
4,Halsey,Chattoe,hchattoe2n@istockphoto.com,118-365-2420
7,Monty,Olland,molland2o@360.cn,170-195-0785
7,Yorke,Nutbeam,ynutbeam2p@techcrunch.com,490-322-9717
7,Hewie,Derrett,hderrett2q@aboutads.info,213-200-5706
2,Edy,Eiler,eeiler2r@squarespace.com,599-231-7274
